{"id":"163761335","source":"python-twitter","word_count":555,"word_count_message":"There were 555 words in the input. We need a minimum of 3,500, preferably 6,000 or more, to compute statistically significant estimates","processed_lang":"en","tree":{"id":"r","name":"root","children":[{"id":"personality","name":"Big 5","children":[{"id":"Agreeableness_parent","name":"Agreeableness","category":"personality","percentage":0.11210606415933688,"children":[{"id":"Openness","name":"Openness","category":"personality","percentage":0.8606863661527577,"sampling_error":0.061226666,"children":[{"id":"Adventurousness","name":"Adventurousness","category":"personality","percentage":0.8852095610494151,"sampling_error":0.051716153},{"id":"Artistic interests","name":"Artistic interests","category":"personality","percentage":0.4864430971879561,"sampling_error":0.1058219245},{"id":"Emotionality","name":"Emotionality","category":"personality","percentage":0.13630976329474517,"sampling_error":0.048421031499999996},{"id":"Imagination","name":"Imagination","category":"personality","percentage":0.862041130697176,"sampling_error":0.0651370485},{"id":"Intellect","name":"Intellect","category":"personality","percentage":0.8565753092248937,"sampling_error":0.0569862105},{"id":"Liberalism","name":"Authority-challenging","category":"personality","percentage":0.8643516636120722,"sampling_error":0.08492841599999999}]},{"id":"Conscientiousness","name":"Conscientiousness","category":"personality","percentage":0.4111218925002883,"sampling_error":0.0770188475,"children":[{"id":"Achievement striving","name":"Achievement striving","category":"personality","percentage":0.5557562464989521,"sampling_error":0.0998766325},{"id":"Cautiousness","name":"Cautiousness","category":"personality","percentage":0.4478590301473765,"sampling_error":0.092832655},{"id":"Dutifulness","name":"Dutifulness","category":"personality","percentage":0.4496132178122499,"sampling_error":0.060967756500000005},{"id":"Orderliness","name":"Orderliness","category":"personality","percentage":0.14455769820381847,"sampling_error":0.0713648035},{"id":"Self-discipline","name":"Self-discipline","category":"personality","percentage":0.6092632014875806,"sampling_error":0.047289325},{"id":"Self-efficacy","name":"Self-efficacy","category":"personality","percentage":0.5274997847259236,"sampling_error":0.093474585}]},{"id":"Extraversion","name":"Extraversion","category":"personality","percentage":0.27903464908550407,"sampling_error":0.057592884999999996,"children":[{"id":"Activity level","name":"Activity level","category":"personality","percentage":0.6658804615740139,"sampling_error":0.079004774},{"id":"Assertiveness","name":"Assertiveness","category":"personality","percentage":0.2774430864752949,"sampling_error":0.084242634},{"id":"Cheerfulness","name":"Cheerfulness","category":"personality","percentage":0.13073355996976013,"sampling_error":0.106016238},{"id":"Excitement-seeking","name":"Excitement-seeking","category":"personality","percentage":0.42505925725475496,"sampling_error":0.081840475},{"id":"Friendliness","name":"Outgoing","category":"personality","percentage":0.2350059964561297,"sampling_error":0.076469904},{"id":"Gregariousness","name":"Gregariousness","category":"personality","percentage":0.46359173686120697,"sampling_error":0.0581047905}]},{"id":"Agreeableness","name":"Agreeableness","category":"personality","percentage":0.11210606415933688,"sampling_error":0.097825552,"children":[{"id":"Altruism","name":"Altruism","category":"personality","percentage":0.3948443404157806,"sampling_error":0.071619946},{"id":"Cooperation","name":"Cooperation","category":"personality","percentage":0.7122949533978236,"sampling_error":0.0809652425},{"id":"Modesty","name":"Modesty","category":"personality","percentage":0.6193490560584081,"sampling_error":0.056722788},{"id":"Morality","name":"Uncompromising","category":"personality","percentage":0.20771291639802328,"sampling_error":0.063748762},{"id":"Sympathy","name":"Sympathy","category":"personality","percentage":0.7050182636428125,"sampling_error":0.09874393000000001},{"id":"Trust","name":"Trust","category":"personality","percentage":0.5328385297137531,"sampling_error":0.056502441}]},{"id":"Neuroticism","name":"Emotional range","category":"personality","percentage":0.4578254408405897,"sampling_error":0.092265039,"children":[{"id":"Anger","name":"Fiery","category":"personality","percentage":0.32954702641322925,"sampling_error":0.095113296},{"id":"Anxiety","name":"Prone to worry","category":"personality","percentage":0.4076752481397384,"sampling_error":0.055774864},{"id":"Depression","name":"Melancholy","category":"personality","percentage":0.6265256517498807,"sampling_error":0.0595110045},{"id":"Immoderation","name":"Immoderation","category":"personality","percentage":0.488172780336967,"sampling_error":0.0532338235},{"id":"Self-consciousness","name":"Self-consciousness","category":"personality","percentage":0.34845745173772574,"sampling_error":0.0575195345},{"id":"Vulnerability","name":"Susceptible to stress","category":"personality","percentage":0.2464054933793394,"sampling_error":0.086398059}]}]}]},{"id":"needs","name":"Needs","children":[{"id":"Structure_parent","name":"Structure","category":"needs","percentage":0.9188148977548951,"children":[{"id":"Challenge","name":"Challenge","category":"needs","percentage":0.9055916390561828,"sampling_error":0.084222317},{"id":"Closeness","name":"Closeness","category":"needs","percentage":0.8002513155351837,"sampling_error":0.0831163255},{"id":"Curiosity","name":"Curiosity","category":"needs","percentage":0.5693815957341649,"sampling_error":0.120439541},{"id":"Excitement","name":"Excitement","category":"needs","percentage":0.6135024658287783,"sampling_error":0.1097397145},{"id":"Harmony","name":"Harmony","category":"needs","percentage":0.5428327661484067,"sampling_error":0.10963126849999999},{"id":"Ideal","name":"Ideal","category":"needs","percentage":0.8018838939001744,"sampling_error":0.09926521099999999},{"id":"Liberty","name":"Liberty","category":"needs","percentage":0.44854167216019153,"sampling_error":0.145824675},{"id":"Love","name":"Love","category":"needs","percentage":0.520592558947302,"sampling_error":0.100812078},{"id":"Practicality","name":"Practicality","category":"needs","percentage":0.4113558470125114,"sampling_error":0.087278645},{"id":"Self-expression","name":"Self-expression","category":"needs","percentage":0.6358361518354394,"sampling_error":0.081528295},{"id":"Stability","name":"Stability","category":"needs","percentage":0.763761583089271,"sampling_error":0.1065217985},{"id":"Structure","name":"Structure","category":"needs","percentage":0.9188148977548951,"sampling_error":0.079904487}]}]},{"id":"values","name":"Values","children":[{"id":"Self-transcendence_parent","name":"Self-transcendence","category":"values","percentage":0.07515017977062882,"children":[{"id":"Conservation","name":"Conservation","category":"values","percentage":0.8101258789409991,"sampling_error":0.0686883165},{"id":"Openness to change","name":"Openness to change","category":"values","percentage":0.745717052733274,"sampling_error":0.06449833049999999},{"id":"Hedonism","name":"Hedonism","category":"values","percentage":0.6311977396104987,"sampling_error":0.1380349595},{"id":"Self-enhancement","name":"Self-enhancement","category":"values","percentage":0.5400650459454372,"sampling_error":0.103644208},{"id":"Self-transcendence","name":"Self-transcendence","category":"values","percentage":0.07515017977062882,"sampling_error":0.08164608799999999}]}]},{"id":"sbh","name":"Social Behavior","category":"behavior","children":[{"id":"sbh_parent","name":"Wed. Afternoon","category":"behavior","children":[{"id":"Wednesday_parent","name":"Wed.","category":"behavior","percentage":0.22522522522522523,"children":[{"id":"Sunday","name":"Sunday","category":"behavior","percentage":0.18018018018018017},{"id":"Monday","name":"Monday","category":"behavior","percentage":0.16216216216216217},{"id":"Tuesday","name":"Tuesday","category":"behavior","percentage":0.15315315315315314},{"id":"Wednesday","name":"Wednesday","category":"behavior","percentage":0.22522522522522523},{"id":"Thursday","name":"Thursday","category":"behavior","percentage":0.09009009009009009},{"id":"Friday","name":"Friday","category":"behavior","percentage":0.07207207207207207},{"id":"Saturday","name":"Saturday","category":"behavior","percentage":0.11711711711711711}]},{"id":"5:00 pm_parent","name":"Afternoon","category":"behavior","percentage":0.12612612612612611,"children":[{"id":"0:00 am","name":"0:00 am","category":"behavior","percentage":0.0},{"id":"1:00 am","name":"1:00 am","category":"behavior","percentage":0.0},{"id":"2:00 am","name":"2:00 am","category":"behavior","percentage":0.0},{"id":"3:00 am","name":"3:00 am","category":"behavior","percentage":0.036036036036036036},{"id":"4:00 am","name":"4:00 am","category":"behavior","percentage":0.07207207207207207},{"id":"5:00 am","name":"5:00 am","category":"behavior","percentage":0.05405405405405406},{"id":"6:00 am","name":"6:00 am","category":"behavior","percentage":0.06306306306306306},{"id":"7:00 am","name":"7:00 am","category":"behavior","percentage":0.05405405405405406},{"id":"8:00 am","name":"8:00 am","category":"behavior","percentage":0.0},{"id":"9:00 am","name":"9:00 am","category":"behavior","percentage":0.07207207207207207},{"id":"10:00 am","name":"10:00 am","category":"behavior","percentage":0.04504504504504504},{"id":"11:00 am","name":"11:00 am","category":"behavior","percentage":0.036036036036036036},{"id":"12:00 pm","name":"12:00 pm","category":"behavior","percentage":0.018018018018018018},{"id":"1:00 pm","name":"1:00 pm","category":"behavior","percentage":0.036036036036036036},{"id":"2:00 pm","name":"2:00 pm","category":"behavior","percentage":0.10810810810810811},{"id":"3:00 pm","name":"3:00 pm","category":"behavior","percentage":0.06306306306306306},{"id":"4:00 pm","name":"4:00 pm","category":"behavior","percentage":0.07207207207207207},{"id":"5:00 pm","name":"5:00 pm","category":"behavior","percentage":0.12612612612612611},{"id":"6:00 pm","name":"6:00 pm","category":"behavior","percentage":0.08108108108108109},{"id":"7:00 pm","name":"7:00 pm","category":"behavior","percentage":0.02702702702702703},{"id":"8:00 pm","name":"8:00 pm","category":"behavior","percentage":0.036036036036036036},{"id":"9:00 pm","name":"9:00 pm","category":"behavior","percentage":0.0},{"id":"10:00 pm","name":"10:00 pm","category":"behavior","percentage":0.0},{"id":"11:00 pm","name":"11:00 pm","category":"behavior","percentage":0.0}]}]}]}]},"warnings":[{"message":"There were 555 words in the input. We need a minimum of 3,500, preferably 6,000 or more, to compute statistically significant estimates","id":"WORD_COUNT_MESSAGE"}]}